7up0od	ast	987b4r	a7f8vr
jabhms	ast	12yc2e	predname
x3cx9g	ast	ze6css	astremaining
p96vg	astv	b0m2n9	8pbld
979ch3	astv	tgop3	name
3ou8vn	astv	4un3zs	avargs
mvqyhj	ast	5vdx4n	__fresh_0
moyaz6	ast	ogjmh	__fresh_1
tlj2zp	ast	t8ynfs	__fresh_2
8xab2f	ast	9upagq	args
taintl	ast	htyhma	__fresh_3
dxjd8c	pred_type	qbeseo	qlv32
4scf2	pred_type	le39af	pred_typing_closure
o3s59w	ast	ltkwzr	__fresh_4
q5m9fe	ast	uawwes	__fresh_5
ekiis	ast	d5chbj	__fresh_6
v6rcy8	ast	i0mbsp	__fresh_7
f5n7xm	ast	txqzbk	__fresh_8
6ulwm8	ast	xipu7q	termsv
fv732x	ast	p1eo5	__fresh_9
dzm2f	ast	1dmxub	__fresh_10
